<?xml version="1.0" encoding="UTF-8"?>
<mods xmlns="http://www.loc.gov/mods/v3" 
  xmlns:mods="http://www.loc.gov/mods/v3" 
  xmlns:xlink="http://www.w3.org/1999/xlink" 
  xmlns:xsi="http://www.w3.org/2001/XMLSchema-instance" version="3.5" xsi:schemaLocation="http://www.loc.gov/mods/v3 http://www.loc.gov/standards/mods/v3/mods-3-5.xsd">
  <titleInfo>
    <title>Active lavaka in meander bend of river</title>
  </titleInfo>
  <name type="personal">
    <namePart>Cox, Ronadh</namePart>
    <role>
      <roleTerm authority="marcrelator" type="text">Photographer</roleTerm>
    </role>
  </name>
  <typeOfResource>still image</typeOfResource>
  <genre>Photograph</genre>

  <abstract>Active lavaka in meander bend of river, Field Number Y27, UTM Easting 203643, UTM Northing 8060913, UTM Zone 39K</abstract>
  <subject>
    <topic>erosion</topic>
    <topic>Rivers</topic>
    <geographic>Madagascar</geographic>
  </subject>
  <identifier type="local">Basic_Image_01</identifier>
  <physicalDescription>
    <form authority="marcform">nonprojected graphic</form>

  </physicalDescription>
</mods>
