<?xml version="1.0" encoding="UTF-8"?>
<mods xmlns="http://www.loc.gov/mods/v3" 
  xmlns:mods="http://www.loc.gov/mods/v3" 
  xmlns:xsi="http://www.w3.org/2001/XMLSchema-instance" 
  xmlns:xlink="http://www.w3.org/1999/xlink" version="3.5" xsi:schemaLocation="http://www.loc.gov/mods/v3 http://www.loc.gov/standards/mods/v3/mods-3-5.xsd">
  <titleInfo>
    <title>Lawrence Hall Library, 1897</title>
  </titleInfo>
  <name type="personal">
    <namePart>Davidson, Alexander</namePart>
    <role>
      <roleTerm authority="marcrelator" type="text">Creator</roleTerm>
    </role>
  </name>
  <typeOfResource>still image</typeOfResource>
  <genre>Photograph</genre>
  <originInfo>
    <dateCreated>1897</dateCreated>
  </originInfo>
  <language>
    <languageTerm authority="iso639-2b" type="code">eng</languageTerm>
  </language>
  <abstract>Lawrence Hall, the College Library, shot from the north through bare trees.&#13;
Lawrence Hall (Williams College) in Berkshire Quad.</abstract>
  <identifier type="filename">Basic_Image_02</identifier>
  <physicalDescription>
    <form authority="marcform">nonprojected graphic</form>

  </physicalDescription>
  <subject>
    <topic>Williams College</topic>
    <geographic>Massachusetts--Williamstown</geographic>
  </subject>

  <identifier type="collection">0-538</identifier>
</mods>
