<?xml version="1.0" encoding="UTF-8"?>
<mods xmlns="http://www.loc.gov/mods/v3" xmlns:xsi="http://www.w3.org/2001/XMLSchema-instance" xmlns:xlink="http://www.w3.org/1999/xlink" xmlns:mods="http://www.loc.gov/mods/v3"><titleInfo><title>917 10th Avenue in 1988</title></titleInfo><name type="corporate"><namePart>Imagine Grinnell (Grinnell, Iowa)</namePart><role><roleTerm type="text">Supporting host</roleTerm></role></name><abstract>Drake Community Library (Grinnell, Iowa) Archives. Imagine Grinnell Slides, p.32, slide 2.</abstract><originInfo><dateCreated>1988</dateCreated></originInfo><typeOfResource>still image</typeOfResource><genre>slide</genre><physicalDescription><digitalOrigin>digitized other analog</digitalOrigin><extent>1 slide, colored</extent><internetMediaType>image/jpeg</internetMediaType></physicalDescription><note type="provenance history">Drake Community Library (Grinnell, Iowa) Archives</note><note>290 of 592 slides from the Imagine Grinnell 2000 collection have been added to the Poweshiek History Preservation Project. A physical copy and TIFF images of all the slides can be found at Drake Community Library Archives in Grinnell, Iowa.</note><relatedItem type="isPartOf"><titleInfo><title>Digital Grinnell</title></titleInfo></relatedItem><accessCondition type="useAndReporoduction">Copyright to this work is held by the author(s), in accordance with United States copyright law (USC 17). Readers of this work have certain rights as defined by the law, including but not limited to fair use (17 USC 107 et seq.).</accessCondition><extension><primarySort>99</primarySort><dg_importSource>2017-11-17T15:26 - https://docs.google.com/spreadsheets/d/1YtuytLteNdNfEBHzfTgfjAfmeq4ATf0xnWY1SNrLpy0 - 3PM!A1:AG3 | 1</dg_importSource><dg_importIndex>495</dg_importIndex></extension></mods>
