<?xml version="1.0" encoding="UTF-8"?>
<mods xmlns="http://www.loc.gov/mods/v3" 
  xmlns:mods="http://www.loc.gov/mods/v3" 
  xmlns:xsi="http://www.w3.org/2001/XMLSchema-instance" 
  xmlns:xlink="http://www.w3.org/1999/xlink" version="3.5" xsi:schemaLocation="http://www.loc.gov/mods/v3 http://www.loc.gov/standards/mods/v3/mods-3-5.xsd">
  <titleInfo>
    <title>Olivia's Arrival</title>
  </titleInfo>
  <name type="personal">
    <namePart>Jaffe, Andy</namePart>
    <role>
      <roleTerm authority="marcrelator" type="text">Collector</roleTerm>
    </role>
  </name>
  <typeOfResource>moving image</typeOfResource>
  <genre>Music</genre>
  <language>
    <languageTerm authority="iso639-2b" type="code">eng</languageTerm>
  </language>
  <abstract>Williams Jazz Ensemble performs "Olivia's Arrival" with Gary Smulyan</abstract>
  <identifier type="archival">Video_03.mp4</identifier>
  <physicalDescription>
    <form authority="marccategory">videorecording</form>

  </physicalDescription>
  <subject>
    <topic>Jazz--Performance</topic>
    <topic>Williams Jazz Ensembles</topic>
    <topic>Gary Smulyan</topic>
  </subject>

</mods>
