<?xml version="1.0" encoding="UTF-8"?>
<mods xmlns="http://www.loc.gov/mods/v3" xmlns:mods="http://www.loc.gov/mods/v3" xmlns:xsi="http://www.w3.org/2001/XMLSchema-instance" xmlns:xlink="http://www.w3.org/1999/xlink"><name type="personal" displayLabel="Author"><role><roleTerm type="text">creator</roleTerm></role><namePart>Ley, Jimmy</namePart></name><titleInfo><title>Jimmy Ley to Mr. and Mrs. W. E. Ley - August 7, 1942</title></titleInfo><abstract>After completing his first two weeks at Sheppard Field, Jimmy writes about the heat and his postal correspondence with family and friends.</abstract><originInfo><dateCreated>1942</dateCreated><publisher>Grinnell College</publisher><dateOther displayLabel="Date Created">1942-08-07</dateOther></originInfo><typeOfResource>text</typeOfResource><genre>letter</genre><physicalDescription><digitalOrigin>digitized other analog</digitalOrigin><extent displayLabel="Digital Extent">2 pages</extent><internetMediaType>image/tiff</internetMediaType></physicalDescription><language><languageTerm type="code">eng</languageTerm><languageTerm type="text">English</languageTerm></language><subject authority="lcsh"><topic>United States. Army Air Forces</topic></subject><subject authority="lcsh"><topic>World War, 1939-1945</topic></subject><subject authority="lcsh"><topic>United States. Army Air Forces. Sheppard Field</topic></subject><subject authority="lcsh"><topic>Sheppard Field (Tex.)</topic></subject><classification authority="local" type="mixed">MS 01.162 Box 1 Folder 3 Letter 7</classification><relatedItem type="isPartOf" displayLabel="No Transcription Available"><identifier type="uri">/transcribe/transcribe2.php</identifier><titleInfo><title>Digital Grinnell</title></titleInfo></relatedItem><relatedItem type="isPartOf"><titleInfo><title>Digital Grinnell</title></titleInfo></relatedItem><relatedItem type="isPartOf"><titleInfo><title>Grinnell College. Special Collections and Archives</title></titleInfo></relatedItem><identifier type="hdl">http://hdl.handle.net/11084/11566</identifier><identifier type="local">grinnell:11566</identifier><accessCondition type="useAndReproduction">Copyright to this work is held by the author(s), in accordance with United            States copyright law (USC 17). Readers of this work have certain rights as defined by            the law, including but not limited to fair use (17 USC 107 et seq.).</accessCondition><mods:extension><mods:creators>Ley, Jimmy</mods:creators><mods:primarySort>99</mods:primarySort><mods:CModel>islandora:compoundCModel</mods:CModel></mods:extension></mods>
