<?xml version="1.0" encoding="UTF-8"?>
<mods xmlns="http://www.loc.gov/mods/v3" 
    xmlns:mods="http://www.loc.gov/mods/v3" 
    xmlns:xsi="http://www.w3.org/2001/XMLSchema-instance" 
    xmlns:xlink="http://www.w3.org/1999/xlink">
    <name type="personal" displayLabel="Author">
        <role>
            <roleTerm type="text">creator</roleTerm>
        </role>
        <namePart>Ley, Jimmy</namePart>
    </name>
    <titleInfo>
        <title>Jimmy Ley to Mr. and Mrs. W. E. Ley - August 7, 1942</title>
    </titleInfo>
    <abstract>After completing his first two weeks at Sheppard Field, Jimmy writes about the heat and his postal correspondence with family and friends.</abstract>
    <originInfo>
        <dateCreated>1942-08-07</dateCreated>
        <publisher>Grinnell College</publisher>
    </originInfo>
    <typeOfResource>text</typeOfResource>
    <genre>letter</genre>
    <physicalDescription>
        <extent displayLabel="Digital Extent">2 pages</extent>
    </physicalDescription>
    <language>
        <languageTerm type="code">eng</languageTerm>
    </language>
    <subject authority="lcsh">
        <topic>United States. Army Air Forces</topic>
    </subject>
    <subject authority="lcsh">
        <topic>World War, 1939-1945</topic>
    </subject>
    <subject authority="lcsh">
        <topic>United States. Army Air Forces. Sheppard Field</topic>
    </subject>
    <subject authority="lcsh">
        <topic>Sheppard Field (Tex.)</topic>
    </subject>
    <classification authority="local" type="mixed">MS 01.162 Box 1 Folder 3 Letter 7</classification>
</mods>
