<?xml version="1.0" encoding="UTF-8"?>
<mods xmlns="http://www.loc.gov/mods/v3" 
  xmlns:mods="http://www.loc.gov/mods/v3" 
  xmlns:xlink="http://www.w3.org/1999/xlink" 
  xmlns:xsi="http://www.w3.org/2001/XMLSchema-instance" version="3.5" xsi:schemaLocation="http://www.loc.gov/mods/v3 http://www.loc.gov/standards/mods/v3/mods-3-5.xsd">
  <titleInfo>
    <title>Dark patches in pale saprolite represent water seepage in active lavaka wall</title>
  </titleInfo>
  <name type="personal">
    <namePart>Rakotondrazafy, Michel</namePart>
    <role>
      <roleTerm authority="marcrelator" type="text">Photographer</roleTerm>
    </role>
  </name>
  <typeOfResource>still image</typeOfResource>
  <genre>Photograph</genre>
  <physicalDescription>
    <form authority="marcform">nonprojected graphic</form>
  </physicalDescription>
  <abstract>Dark patches in pale saprolite represent water seepage in active lavaka wall, Field Number Y26, UTM Easting 203483, UTM Northing 8060877, UTM Zone 39K</abstract>
  <subject>
    <topic>saprolites</topic>
    <topic>seepage</topic>
    <topic>erosion</topic>
    <geographic>Madagascar</geographic>
  </subject>

  <identifier type="local">Basic_Image_03</identifier>

</mods>
