
<mods xmlns="http://www.loc.gov/mods/v3" xmlns:mods="http://www.loc.gov/mods/v3" xmlns:xlink="http://www.w3.org/1999/xlink" xmlns:xsi="http://www.w3.org/2001/XMLSchema-instance">
  <name type="personal">
    <namePart>Chande, Ravi &apos;11</namePart>
    <role>
      <roleTerm type="text">creator</roleTerm>
    </role>
  </name>
  <name type="personal">
    <namePart>Gumm, Dylan &apos;11</namePart>
    <affiliation>Assistant Professor of Computer Science</affiliation>
    <role>
      <roleTerm type="text">creator</roleTerm>
    </role>
  </name>
  <name type="personal">
    <namePart>Weinman, Jerod J.</namePart>
    <role>
      <roleTerm type="text">creator</roleTerm>
    </role>
  </name>
  <titleInfo>
    <title>A Data Set of Annotated Historical Maps</title>
  </titleInfo>
  <abstract>This data set is designed for testing the performance of optical character recognition algorithms on text in scanned historical map images. Thirty maps from the nineteenth and early twentieth centuries were chosen from the David Rumsey Map Collection (http://davidrumsey.com). Most maps are of individual states, though some are regional and one is of the entire U.S.; most feature little handwritten text. The original MrSid files are converted into uncompressed TIFF images for a manual annotation, stored in XML format. The authors gratefully acknowledge the David Rumsey Map Collection as the source of the map images, which come with the following notice:  Images copyright © 2000 by Cartography Associates. Images may be reproduced or transmitted, but not for commercial use.  This work is licensed under a Creative Commons [Attribution-NonCommercial-ShareAlike 3.0 Unported] license (http://creativecommons.org/licenses/by-nc-sa/3.0).  By downloading any images from this site, you agree to the terms of that license.</abstract>
  <originInfo>
    <dateCreated>2013</dateCreated>
    <dateIssued>2013-07</dateIssued>
    <publisher>Grinnell College</publisher>
  </originInfo>
  <typeOfResource>cartographic</typeOfResource>
  <genre>database</genre>
  <physicalDescription>
    <digitalOrigin>born digital</digitalOrigin>
    <extent displayLabel="Digital Extent">2 pages</extent>
    <internetMediaType>application/pdf</internetMediaType>
  </physicalDescription>
  <language>
    <languageTerm type="text">English</languageTerm>
    <languageTerm type="code">eng</languageTerm>
  </language>
  <subject authority="lcsh">
    <topic>Maps</topic>
  </subject>
  <subject authority="lcsh">
    <topic>Optical character recognition</topic>
  </subject>
  <relatedItem type="isPartOf">
    <titleInfo>
      <title>Digital Grinnell</title>
    </titleInfo>
  </relatedItem>
  <relatedItem type="isPartOf">
    <titleInfo>
      <title>Faculty Scholarship</title>
    </titleInfo>
  </relatedItem>
  <relatedItem type="isPartOf">
    <titleInfo>
      <title>Student Scholarship</title>
    </titleInfo>
  </relatedItem>
  <identifier type="hdl">http://hdl.handle.net/11084/3246</identifier>
  <identifier type="local">grinnell:3246</identifier>
  <accessCondition type="useAndReproduction">Copyright to this work is held by the author(s), in accordance with United States copyright law (USC 17). Readers of this work have certain rights as defined by the law, including but not limited to fair use (17 USC 107 et seq.).</accessCondition>
  <mods:extension>
    <mods:creators>Chande, Ravi &apos;11; Gumm, Dylan &apos;11; Weinman, Jerod J.</mods:creators>
    <mods:primarySort>99</mods:primarySort>
    <mods:CModel>islandora:compoundCModel</mods:CModel>
  </mods:extension>
</mods>
