<?xml version="1.0" encoding="UTF-8"?>
<mods xmlns:mods="http://www.loc.gov/mods/v3" 
  xmlns="http://www.loc.gov/mods/v3" 
  xmlns:xsi="http://www.w3.org/2001/XMLSchema-instance" 
  xmlns:xlink="http://www.w3.org/1999/xlink" version="3.5" xsi:schemaLocation="http://www.loc.gov/mods/v3 http://www.loc.gov/standards/mods/v3/mods-3-5.xsd">
  <titleInfo>
    <title>Correspondence calling for Black Student Leadership Conference May 30, 1969 in Harlem</title>
  </titleInfo>
  <name type="corporate">
    <namePart>Student Leadership Conference c/o Blackfrica Productions</namePart>
    <role>
      <roleTerm type="text" authority="marcrelator">Creator</roleTerm>
    </role>
  </name>
  <typeOfResource>text</typeOfResource>
  <originInfo>
    <dateIssued encoding="w3cdtf" keyDate="yes">1969</dateIssued>
  </originInfo>
  <language>
    <languageTerm type="code" authority="iso639-3">eng</languageTerm>
  </language>

  <abstract>Letter to the Williams College Afro-American Society requesting their participation the May 30 1969 Student Leadership Conference in Harlem (New York, New York). The letter is signed by the conferences sponsors: National CORE, Cornell Black Liberation Front, Black Mind, Blackfrica Productions, East Wind, City College (coalition), Columbia (SAS), Queens College (coalition).</abstract>
  <identifier type="filename">PDF_02</identifier>

</mods>
